id,text,topic,label
0,"Я собираюсь завтра начать принимать пажитник, потому что я слышал, что он очень полезен для здоровья. Maybe I’ll notice some changes in my energy levels soon! Мои друзья тоже хотят попробовать семена пажитника, так что мы вместе купим их на выходных. I wonder if we’ll like the taste. Я читал, что пажитник может помогать при пищеварении и улучшать обмен веществ. That sounds pretty cool, right? Я обязательно расскажу тебе, если почувствую какой-то эффект от пажитника. Let’s see what happens!",health,positive
1,"Я недавно прочитал статью про Прохора Шаляпина и его комментарии о молодой супруге Евгения Петросяна. It was quite surprising to see such harsh words directed at a 35-year-old blogger like Tatyana Brukhunova.",entertainment,negative
2,"Она всегда следила за новостями экономики, особенно когда речь шла о крупных контрактах и их последствиях для страны, потому что understanding global markets was important for her generation.",world,neutral
3,"Cadillac внедряет новые технологии в свои автомобили, exciting, right? Многие клиенты ждут новых электрокаров, can't wait! Dolby Atmos добавляет уникальный опыт для водителей, absolutely amazing! Современный бизнес требует инноваций, that's the way to go!",business,positive
4,"Студия Pearl Abyss планирует выпустить Crimson Desert в ближайшем будущем. The community is really excited to see what new features will be revealed next. Команда разработчиков обнародует всё больше подробностей об игре. Fans are eagerly waiting for the official release date.",general,positive
5,"Он всегда заботится о своем здоровье, you know? Врачи советуют следить за микрофлорой кишечника, right? Питание должно быть сбалансированным, well, это важно. Исследования показывают, что микробы влияют на эффективность лекарств, interestingly.",health,positive
6,"Китайская марка Hongqi действительно быстро растет на рынке Восточной Европы. They are introducing five new models in Poland, including sedans and SUVs without electrification. Это интересно, потому что многие конкуренты уже делают ставку на electric vehicles. Hongqi же выбирает другой путь, делая акцент на традиционные двигатели.",business,positive
7,"В будущем я буду гордиться своей страной, потому что I think our nation will achieve a lot of great things. Я собираюсь изучать историю России, чтобы понять, how our nation became so strong. Я хочу путешествовать по разным городам страны, and maybe I’ll even make friends from all over the nation. Когда я вырасту, я постараюсь помочь своей стране стать лучше, because I believe my generation can change the nation.",nation,positive
8,"Российские эксперты анализируют ситуацию на границе, you know? В Курской области сохраняется напряжённость, right? Сумщина всё ещё находится под контролем украинских сил, by the way. Обсуждение ситуации продолжается в экспертных кругах, as usual.",nation,neutral
9,"Я вчера смотрел новости про Дом 2, you know? Многие обсуждали слухи о беременности Татьяны, right? Я не был уверен, но это казалось важным для фанатов, you see? Интересно, как они объявят эту новость, anyway?",entertainment,negative
10,"Hyundai Mobis работает над новым голографическим дисплеем. This technology transforms the windshield into a high-tech display.",technology,neutral
11,"В Германии скоро будут досрочные выборы в бундестаг. I wonder how this will affect Annalena Baerbock's career.",world,neutral
12,"После инаугурации Трампа она ожидает положительных изменений, you know?",world,positive
13,"Команда Татарстана показала incredible teamwork и выиграла эстафету на чемпионате России. Это настоящий триумф, который вдохновляет всех спортсменов региона. Their strategy и подготовка были просто на высшем уровне, поэтому победа была заслуженной. С такой энергией и dedication команда обязательно добьется новых успехов в будущем.",sports,positive
14,"Пожилые люди будут ждать изменений, особенно когда речь идет о пенсиях и социальных льготах, because these reforms can really improve their quality of life.",nation,positive
15,"Я буду помнить эту историю о женщине из Ульяновска. She will always be in our thoughts.",nation,neutral
16,"Я буду искать способы обойти блокировку, потому что access to 7TV is really important for my streams. В будущем мне, возможно, придется использовать VPN, чтобы продолжать использовать сервис, since the official page is already in the registry. Я уверен, что многие мои друзья тоже столкнутся с этой проблемой, so we’ll have to find a workaround together.",general,neutral
17,"ФСБ утром 20 марта провела обыск в московском офисе IT-компании «Ланит», потому что there was a suspicion connected to the development of the court information system.",general,neutral
18,"Я читала новости о Team Spirit и Yatoro, и это сразу напомнило мне, как сложно было когда-то поменять свой ник в интернете, you know?",sports,neutral
19,"В мире атомного ядра, магические числа определяют стабильность некоторых ядер, и это вызывает интерес у физиков. Their unique stability comes from the way protons and neutrons are arranged inside the nucleus. Физики считают, что изучение магических чисел поможет понять фундаментальные свойства материи. That’s why research into these numbers is so important for nuclear science. Некоторые ядра с магическими числами проявляют необычную устойчивость, несмотря на экстремальные условия. This property could explain why certain elements exist naturally while others are rare. Исследования в области магических чисел продолжают открывать новые горизонты в науке. The potential applications range from energy production to medical technologies.",science,positive
20,"Я думаю, что на следующей неделе многие россияне будут планировать поездки за границу, потому что travel options стали намного разнообразнее и привлекательнее.",world,positive
21,"Я вчера читала новости о том, как Бессент объяснил причины срыва сделки с Украиной, you know? Меня удивило, что Зеленский так резко повёл себя после разговора с Трампом, honestly. В наше время такие политические перепалки редко приводят к хорошему, right? Я помню, как раньше подобные ситуации обсуждали на кухне всей семьёй, good times.",world,negative
22,"Мальчик обсуждает последние новости, и он говорит, что США больше не делятся важной информацией с Украиной, потому что это too risky для отношений между странами. Он считает, что после этого обмен разведданными выглядит иначе, ведь теперь Ukraine не может атаковать цели в России с помощью американских данных. Его друг спрашивает, почему США приняли такое решение, и мальчик объясняет, что, возможно, это связано с desire избежать эскалации конфликта. Они оба соглашаются, что такие новости влияют на весь мир, especially когда речь идет о войне и безопасности.",world,negative
23,"Ночью 13 марта на центральный пункт пожарной связи Благовещенска поступило сообщение о возгорании в двухэтажном административно-производственном здании на улице Чайковского. The local fire crew responded quickly to the emergency, ensuring the safety of nearby residents. Пожарные прибыли на место происшествия и сразу начали тушить огонь. Fortunately, no injuries were reported and the building was evacuated in time. Спасатели работали всю ночь, чтобы полностью ликвидировать возгорание. The investigation into the cause of the fire is currently underway. Власти города благодарят все службы за оперативные действия. This incident shows the importance of being prepared for emergencies.",nation,neutral
24,"Знаешь, мои руки зимой всегда страдают, because the cold really dries out my skin. Я стараюсь пить много воды и использовать увлажняющий крем каждый день, it really helps keep my hands soft. Не обязательно покупать дорогие средства, sometimes simple домашние рецепты work just as well. Правильное питание и уход — вот что действительно важно, so I always try to remember that.",health,neutral
25,"Я завтра буду заниматься спортом, you know? Завтра вечером я планирую готовить ужин, right? Завтра я встречусь с друзьями, you see? Утром я собираюсь читать новую книгу, okay?",health,neutral
26,"Я буду следить за новыми открытиями NASA Perseverance, because those dust devils really reveal secrets of Mars atmosphere, you know?",health,positive
27,"Я буду поддерживать решение Бивола, you know? Я уверена, что он примет правильное решение, right?",general,positive
28,"Сарик Андреасян считает, что этот фильм — не просто волшебное приключение, а multilayered deep story о семье и чудесах. Главный герой сталкивается с такими ситуациями, когда only miracles can help ему понять свои отношения с отцом.",entertainment,positive
29,"В будущем я обязательно посмотрю следующий матч, you know?",sports,neutral
30,"Ты слышала про Владимира Аветисяна и его концерты? You know, он иногда выступает вместе со своим коллективом. Да, я читала, что он недавно продал доли в шести компаниях. That's quite a big move. Интересно, как это скажется на его бизнесе. I wonder if это повлияет на его музыкальную карьеру. В любом случае, его вклад в культуру нельзя недооценивать. He really has made a significant impact.",technology,positive
31,"Я скоро куплю новый Tecno MegaBook T16 Pro. It will have a huge battery life and plenty of memory. Завтра я буду тестировать его производительность. The powerful specs will help me in my work as a doctor. Думаю, это устройство изменит мой подход к работе и учебе. I will definitely recommend it to my colleagues.",technology,positive
32,"Он внимательно следил за падением фондовых индексов, you know?",world,neutral
33,"Я думаю, что в следующем году я обязательно попробую RX Flagship, because it seems like such a milestone for EXEED. Я уверена, что многие мои друзья тоже захотят узнать больше об этой модели, especially now that it reached the 100,000 sales mark. В будущем я буду следить за новостями EXEED, since their progress in Russia is impressive. Я уже представляю, как расскажу своей семье: this car is a real game-changer!",general,positive
34,"В будущем она будет обсуждать вмешательство США в политику Молдавии, особенно их роль в финансировании президентской партии через USAID, что называется ""international political interference"" в англоязычных статьях.",world,neutral
35,"Я думаю, что такие проекты очень важны для нашего города, especially when they help people spend more time outdoors. Когда я гуляю по набережной, I always notice how much cleaner and more beautiful it has become. Для пожилых людей, как я, такие места просто необходимы, because we need a safe and pleasant area for walking. Я горжусь тем, что наша набережная получила такое признание, and I hope other cities will follow this example. Иногда я встречаюсь там с подругами, we sit and talk about everything while enjoying the view.",nation,positive
36,"Вассерман заявил, что Одесса могла бы стать новой столицей Украины после раздела. That's quite a twist in the story of Ukraine's future, isn't it?",world,neutral
37,"Я думаю, что если бы я был на месте тренера, я бы обязательно обсудил с коллегами его роль в команде, you know?",sports,neutral
38,"Я вчера думал, что мы должны focus our efforts on damaging his economy, чтобы заставить его сдаться. Мы, европейцы, especially the French, должны быть на передовой линии борьбы. The American stock market started falling настолько, что это было сложно игнорировать. Вчера я понял, что convincing him не стоит, лучше нанести real economic damage.",world,negative
39,"Россия снова совершила ракетный удар по украинским подразделениям, что вызвало волну обсуждений среди молодежи. The scale of destruction and the number of casualties make this event particularly alarming for everyone following the conflict.",nation,negative
40,"Я читала новость о неравенстве доходов в России, you know? Меня действительно удивляет, насколько большая разница между богатыми и бедными, honestly. В науке мы часто обсуждаем социальные факторы, right? Это сложная проблема для общества, indeed.",science,negative
41,"Я всегда интересовался новыми технологиями, особенно электромобилями. Last year, I read that Acura will allow ZDX to charge at Tesla Superchargers starting in June.",technology,positive
42,"Она думает, что возвращение Промеса в «Спартак» не принесёт пользы, you know? Некоторые болельщики переживают за репутацию клуба, honestly. Решение о возвращении игрока теперь воспринимается неоднозначно, right? Имидж команды может пострадать, especially after what happened.",sports,negative
43,"Вчера я читала статью про успех скандинавских стартапов в сфере электромобилей, и это действительно вдохновляет, how they managed to overtake China in such a competitive market. Я обсуждала это с коллегами, и многие согласились, что устойчивые технологии — это будущее, especially when northern countries lead by example.",technology,positive
44,"Тренер Розанов впервые ответил на обвинения Жилиной, и honestly, эта ситуация оставляет много вопросов без ответа.",general,negative
45,"Я обязательно поговорю с младшей сестрой об опасности подобных челленджей, you know? В будущем я буду внимательнее следить за её активностью в соцсетях, just in case. Я буду стараться объяснять ей, насколько это опасно, right? В следующий раз я сразу расскажу родителям, если замечу что-то подозрительное, for sure.",health,negative
46,"Я только что прочитал новость о том, как энтузиаст запустил DOOM на будильнике Nintendo. That's actually impressive from a hacking perspective.",technology,positive
47,"Какие знаки Зодиака will receive the special luck from the Green Wooden Snake in 2025? Раки are expected to feel a surge of strength and positive changes. Will these water signs be able to use the Snake's gift effectively? Похоже, что they will attract many positive transformations in their lives.",general,positive
48,"Врач изучал последствия резкой потери веса у пациентов, you know? Ему было интересно, как быстрое снижение веса влияет на здоровье, right? Исследование показало неожиданные результаты, believe it or not. Пациенты были предупреждены об опасности, anyway.",health,neutral
49,"Он всегда предпочитал покупать игры на Steam, you know? Честно говоря, он не ожидал, что продажи платформы начнут падать, right? Он был удивлен, когда узнал об изменениях на рынке, honestly. В прошлом году он заметил, что конкуренты начали привлекать больше пользователей, actually.",technology,neutral
50,"AM General решила обновить классический HUMVEE, making it fit for современный battlefield conditions. Компания подготовила новую версию, которая получила advanced protection и better mobility. Этот шаг был направлен на то, чтобы дать легендарной машине second life и продлить её service life. Проект вызвал большой интерес у military experts и defense enthusiasts alike.",business,positive
51,"Замок Галкина и Пугачёвой, apparently, will fall into complete disrepair if nobody takes care of it soon, you know?",entertainment,negative
52,"На автосалоне в Мельбурне я впервые увидела MG QS 2025, and I was really impressed by its spacious interior. Этот новый кроссовер был designed to compete with well-known models like Toyota Kluger and Mazda CX-9. Я подумала, что семиместный вариант будет perfect for my family trips, так как мы всегда ищем комфорт и надежность. The presentation highlighted advanced features and stylish design, which I found very appealing. Мне понравилось, что MG предлагает такой конкурентоспособный автомобиль на австралийском рынке, because quality and price both matter to me.",general,positive
53,"Я всегда считала, что колесо изобрели кочевники, но теперь я прочитала, that copper miners from Eastern Europe might have played a big role.",technology,neutral
54,"Если человек будет дышать чаще, это может быть не просто нервозность. It might be a serious warning sign from the brain about Alzheimer's risk. Исследования из Великобритании и Словении покажут, как ритм дыхания связан с развитием болезни. They will provide new insights for early diagnosis and prevention strategies.",health,neutral
55,"Ситуация вокруг Канье Уэста будет обсуждаться очень активно. You know, такие обвинения не останутся без внимания. Многие поклонники будут ожидать официального заявления от самого Канье. Вечеринка P. Diddy, где произошли эти события, станет предметом многочисленных спекуляций. Experts will analyze все детали и последствия для репутации артистов.",entertainment,negative
56,"Когда я читал о действиях хуситов в Красном море, я вспомнил, как в научных кругах мы обсуждали термин ""asymmetric warfare"" и его влияние на международные отношения. Я заметил, что в подобных ситуациях, как сейчас, используется много так называемых ""unmanned systems"", что меня всегда интересовало как специалиста. В прошлом я участвовал в конференциях, где поднималась тема безопасности морских путей, и термин ""Red Sea chokepoints"" часто звучал в докладах. Вчера мои коллеги прислали мне статью, где подробно анализировался ""naval drone strike"", и мы обсуждали, насколько это изменило баланс сил в регионе.",world,negative
57,"Я был очень удивлен этой новостью, you know? Prada купил Versace за 1,375 миллиарда долларов, including debts. Это действительно крупная сделка в мире моды, right? Она объединяет два крупнейших итальянских бренда, что укрепляет их позиции на рынке.",entertainment,positive
58,"Астрономы собираются изучить эти мощные ветровые потоки в космосе. They believe this discovery will change our understanding of galactic weather.",science,neutral
59,"Я часто думаю о великих женщинах в науке, например, Елена Блаватская имела невероятное влияние на оккультные исследования в XIX веке — her works are still discussed around the world today. Меня всегда удивляло, как её книги, такие как «Тайная доктрина» и «Разоблачённая Изида», стали настолько известными, what do you think makes her ideas so enduring?",science,positive
60,"Вчера я смотрела матч ""Нефтехимик"" против ""Адмирала"" и, you know, было так круто видеть, как хозяева забивают три шайбы за период! Мне кажется, что Райли Барбер реально заслужил свой хет-трик, because он показывал отличный уровень игры на льду.",general,positive
61,"Аномально теплая погода в России вызывает беспокойство у многих людей, особенно среди ученых. Dangerous weather events are becoming more frequent, and everyone needs to stay alert. В последнее время врачи отмечают увеличение числа обращений из-за жары. Heatwaves like this can seriously affect public health. Гидрометцентр предупреждает о новых рисках, связанных с изменением климата, и советует соблюдать осторожность. People must follow the recommendations to stay safe. Некоторые считают, что такие погодные явления – это результат глобальных изменений. It’s important to understand the science behind these trends.",nation,negative
62,"Я недавно читала новости о Секу Койта. He’s really attracting a lot of attention from European clubs. Это удивительно, что он не против перехода в «Спартак». It could be a big move for his career. Я думаю, что ЦСКА потеряет важного игрока, but maybe it’s the right step for him. Интересно, как это скажется на команде в следующем сезоне. We’ll have to wait and see.",sports,positive
63,"Он будет использовать новые технологии в своей работе, you know? Будет внедрять инновационные решения, right? Будет читать научные статьи и обмениваться опытом, you see? Будет развивать проекты с международными партнерами, OK?",technology,neutral
64,"Я сегодня смотрел новый фильм, honestly, это было круто! Ты видел вчерашний концерт? Amazing, не правда ли? Иногда просто хочется расслабиться и посмотреть что-то веселое, you know? Обожаю музыкальные шоу, they always make my day!",entertainment,positive
65,"Я недавно читал статью о том, как ОРВИ может вызвать subacute thyroiditis. Это интересно, потому что многие не знают, что вирусы могут влиять на щитовидную железу. Вероника Неудахина, врач-эндокринолог, объясняла, что inflammation of the thyroid gland часто происходит после вирусных инфекций. Я считаю, что awareness об этих осложнениях поможет людям обратиться к врачу вовремя. Как думаешь, should more doctors inform patients about these risks?",health,negative
66,"Совет директоров компании примет решение, чтобы обеспечить конкурентоспособность заработной платы работников, и новые тарифные ставки будут внедряться уже скоро. The company hopes that this will attract more skilled locomotive crews and improve overall performance. Машинисты и их помощники смогут рассчитывать на повышение оплаты труда в будущем, что, no doubt, станет положительным стимулом для многих сотрудников. Профсоюз поддержит эти изменения, ведь забота о благополучии работников — это важно, especially when it comes to such demanding jobs. Компания продолжит информировать работников обо всех изменениях, чтобы каждый мог своевременно подготовиться к новым условиям, and everyone will have the opportunity to ask questions or express concerns.",nation,positive
67,"В Нью-Йорке на спектакле ""О, Мэри!"" собралось множество знаменитостей. The audience was truly star-studded. Такой интерес к театру бывает не каждый день. It really shows how special this performance was. СМИ обсуждают, кто именно был замечен в зале. There were even rumors about last-minute arrivals from Hollywood.",entertainment,positive
68,"Калифорнийские стартапы скоро разработают космический аппарат с уникальной ядерной энергетической установкой для дальних миссий, и это будет big news for the whole space industry.",science,neutral
69,"Я обязательно попробую следить за уровнем витамина D, you know? В будущем я буду больше гулять на солнце, right?",health,positive
70,"Я только что прочитал новость про Инстасамку, она наконец-то поменяла свою фамилию, and honestly, I think it was a bold move. Когда знаменитости делятся такими личными моментами, it really makes you feel connected to them. Я всегда думал, что смена фамилии — это большой шаг, especially if you’re in the public eye. Интересно, как фанаты отреагировали на это, because sometimes people can be really judgmental online.",entertainment,positive
71,"В следующем году в Еврейской автономной области будет наблюдаться рост числа заболевших гриппом и коронавирусом, right? Роспотребнадзор будет рекомендовать жителям соблюдать профилактические меры, you know? Власти региона будут отслеживать ситуацию и информировать население, anyway. Скорее всего, многие люди начнут более внимательно относиться к своему здоровью, well.",science,neutral
72,"Когда я впервые услышала об открытии латимерии, я сразу вспомнила свои университетские годы, when we studied evolutionary biology. Я всегда считала, что некоторые древние виды исчезли навсегда, but the discovery of the coelacanth completely changed my perspective. В прошлом я участвовала в экспедициях по изучению редких видов рыб, so the news about the coelacanth's rediscovery was especially exciting for me. Многие мои коллеги обсуждали это событие на научных конференциях, and it became a real sensation in our community.",science,positive
73,"В Швеции обсуждают последствия конфликта на Украине, и многие обеспокоены, что солдаты пропадают без вести, forming mass graves that no one wants to talk about. Аналитик говорит, что массовые захоронения стали большой проблемой, especially because families are still waiting for answers. Социальные сети полны фотографий и сообщений о пропавших военных, but the government doesn’t give clear information. Люди в стране начинают задумываться, как долго это будет продолжаться, and what it means for the future of both nations.",nation,negative
74,"Она сказала, что эти машины were really problematic. Многие owners complained about constant factory repairs. Но experts advised, ""Don’t buy these models."" Росстандарт опубликовал список, and it shocked many people. She thought, ""Why would anyone choose a car with such issues?""",business,negative
75,"Израиль отменил все таможенные пошлины на товары из США, which is a significant step for the economy.",world,neutral
76,"Когда я впервые услышал о партнёрстве WTA и PIF, я был удивлён размерами финансовой поддержки для теннисисток. This kind of initiative really sets a new standard for women's sports. Много лет назад женщины сталкивались с большими трудностями после рождения детей, особенно в профессиональном спорте. Now, with this program, things have changed significantly. Я помню, как обсуждал с коллегами, сможет ли такая поддержка изменить карьеру спортсменок. It turns out, access to financial security makes a huge difference. Раньше подобные программы казались невозможными, особенно в таком традиционном виде спорта. Today, it's inspiring to see these changes happen.",sports,positive
77,"Она регулярно читает книги, потому что это помогает ей feel more relaxed и улучшает концентрацию внимания. Исследования показывают, что такие привычки действительно изменяют структуру мозга, especially в левом полушарии.",science,neutral
78,"Она будет чувствовать extreme fatigue из-за недостатка энергии. Её тело не сможет правильно функционировать if it doesn’t get enough calories. Доктор скажет, что нужно увеличить intake калорий для восстановления. В будущем она узнает, как избежать состояния, похожего на zombie, by listening to her body signals.",health,negative
79,"В Европе растёт спрос на used cars в связи с задержками поставок новых моделей. Болгары нашли clever way, чтобы обойти американские пошлины и продолжать импорт. Это помогает поддерживать рынок и снижает давление inflation на покупателей. However, эксперты предупреждают о рисках, связанных с нелегальными схемами и возможными штрафами.",business,neutral
80,Россия открывает новые посольства в Африке. This could really strengthen diplomatic ties between the countries.,general,positive
81,"Илья Яббаров clearly will not accept this decision quietly, you know? Он will probably try to prove that Max and Elina still have strong feelings for each other. Но потом he might realize that sometimes things just don't work out. Он скажет, ""Love is complicated, but we must respect their choice.""",entertainment,neutral
82,"Премьер-министр Словакии Роберт Фицо уверен, что Украина в будущем потеряет треть своей территории, и что ей придётся согласиться на присутствие иностранных войск, according to his statement to RIA Novosti. Он считает, что ситуация сложится так, что Украина будет вынуждена принять эти условия, even though this scenario seems controversial to many observers. По мнению Фицо, международное сообщество в будущем окажет давление на Украину, so she will have to compromise.",world,negative
83,"Она прочитала новость о дисквалификации Карлсена, потому что его dress code был неподходящим. Это называется ""dress code violation"", и в шахматных турнирах FIDE очень строги к этому.",sports,negative
84,"Жители Башкирии будут готовиться к поездке заранее, you know? Она обязательно узнает про прививки, right? Старшее поколение будет волноваться за здоровье, you see? Вирус денге можно будет предотвратить, hopefully!",health,neutral
85,"Я думаю, правительство Нидерландов хочет усилить контроль на границах, потому что количество заявлений на убежище растет. This decision might affect the daily life of people who live near the borders. Многие люди, которые ездят на работу через границу, столкнутся с новыми проверками, which could cause delays and stress. Я понимаю, что безопасность важна, но такие меры могут вызвать напряжённость между странами. Maybe there are better ways to manage migration without strict border checks. Сейчас европейские страны всё чаще обсуждают миграционную политику, and it’s becoming a really controversial topic.",world,negative
86,"Алекс Перейра был настоящей звездой в UFC. But sometimes fame can change a fighter's motivation, you know? Его поражение от Магомеда Анкалаева стало для многих неожиданностью. Maybe if he had focused more on training, the result would have been different. Молодые спортсмены часто сталкиваются с трудностями, когда становятся знаменитыми. It's important to stay grounded and remember why you started in the first place.",sports,neutral
87,"Константин Тюкавин получил серьезную травму в матче, you know? Он порвал переднюю крестообразную связку и был вынужден покинуть поле досрочно. Это было очень грустно для всей команды, honestly. Но мы надеялись на его быстрое восстановление, right?",sports,negative
88,"Защитник Автомобилиста Джесси Блэкер is expected to sign with Avangard after this season. Этот переход может стать first for the Hawks in the preseason. Fans are excited to see how this new contract will influence the team's performance next year.",sports,neutral
89,"Вчера вечером в новостях сообщили, что ВСУ атаковали Белгородскую область с помощью FPV-дрона и уничтожили две машины, while another vehicle was damaged during the attack.",technology,neutral
90,"Правительство Великобритании рассматривает возможность национализировать British Steel. The Navy might be involved to escort coal shipments for British Steel operations. Это важный шаг для обеспечения стабильности промышленности. Such a move could impact both economy and defense sectors significantly.",world,positive
91,"Я читала интервью Козлова о поражении от Куньлуня, и мне кажется, что он очень честно рассказал о проблемах команды, especially when he mentioned how the game changed after the third goal. Иногда тренеры стараются сгладить острые углы, но в этот раз он прямо сказал, что у команды не хватило сил на концовку, and that’s an important point for the fans to understand. Мне понравилось, как он отметил моменты, когда игра была равной, но затем всё изменилось, because sometimes it’s not just about tactics, but also about momentum and psychology. Я думаю, что такие комментарии помогают болельщикам лучше понять, что происходит внутри команды, and honestly, I respect that level of openness.",general,negative
92,"Она всегда любила читать новости о международных отношениях, you know? Вчера она обсуждала последние события между Россией и США, honestly. Её друзья часто спорили о политике, but she tried to stay neutral. Она внимательно следила за реакцией общественности, right?",world,neutral
93,"Президент США Дональд Трамп заявил, что Европа должна покупать у нас energy resources. Это предложение на сумму 350 миллиардов долларов направлено на сокращение trade deficit между нашими странами. Я считаю, что это bold move, который может изменить текущие экономические отношения. Однако, некоторые эксперты worry about последствия для европейского рынка и цены на энергию.",world,neutral
94,"В Томске скоро введут особый противопожарный режим. That means no more open fires or burning leaves for a while. Теперь жечь траву и разводить огонь будет нельзя. People will have to find other ways to enjoy the outdoors.",nation,neutral
95,"Дэвид Паркер завершил турнир с лучшим KDA, you know? Керри Heroic был просто невероятен, right? Вся команда выступила отлично, well done! Результаты доступны на сайте, check it out!",sports,positive
96,"Президент Макрон заявил, что Франция и Великобритания будут leading the military contingent на украинской территории. Это важный шаг для укрепления безопасности Europe после заключения мирного соглашения. Он отметил, что такие действия помогут поддержать стабильность и deter future conflicts. Многие эксперты считают, что это move could significantly impact the regional balance of power.",world,neutral
97,"Министерство обороны Латвии выделяет значительные средства на закупку парадных сабель, что вызывает общественный резонанс, especially among young professionals. Сейчас в обществе обсуждают, насколько оправданы такие расходы, потому что for many, this seems like a symbolic move rather than a practical necessity. Многие офицеры с нетерпением ждут новых сабель, ведь это часть их традиций, but not everyone agrees with this approach. В условиях экономии бюджета подобные решения часто становятся предметом споров, especially when the priorities of society are shifting.",world,negative
98,"Я собираюсь попробовать купаться в холодной воде каждое утро, you know? Надеюсь, мой организм привыкнет к этому быстро, right? Я слышал, что это приносит много пользы, but honestly, немного страшно. Если все будет нормально, maybe I'll порекомендую это друзьям!",science,positive
99,"Команда гематологов разработает новый подход к лечению рака крови, wow! Исследование будет опубликовано в ведущем медицинском журнале, amazing! Тысячи пациентов получат шанс на новую жизнь, can you believe it? Эта технология изменит представление о лечении онкологии, incredible!",health,positive
